{"cameraMode":{"drawMode":0,"name":"Shaded","section":"Shading Mode"},"sceneLighting":false,"audioPlay":false,"sceneViewState":{"m_AlwaysRefresh":false,"showFog":true,"showSkybox":false,"showFlares":true,"showImageEffects":true,"showParticleSystems":true,"showVisualEffectGraphs":true,"m_FxEnabled":true},"in2DMode":false,"pivot":{"x":0.09310221672058106,"y":0.0027092546224594118,"z":0.03586970269680023},"rotation":{"x":-0.28670576214790347,"y":0.05657432600855827,"z":-0.016963236033916475,"w":-0.9561964273452759},"size":0.3690096437931061,"orthographic":false}