{"cameraMode":{"drawMode":0,"name":"Shaded","section":"Shading Mode"},"sceneLighting":false,"audioPlay":false,"sceneViewState":{"m_AlwaysRefresh":false,"showFog":true,"showSkybox":false,"showFlares":true,"showImageEffects":true,"showParticleSystems":true,"showVisualEffectGraphs":true,"m_FxEnabled":true},"in2DMode":false,"pivot":{"x":-0.07092592120170593,"y":0.04796916991472244,"z":0.06803849339485169},"rotation":{"x":-0.1808083951473236,"y":-0.0038385491352528335,"z":0.0007056758622638881,"w":-0.9835103750228882},"size":0.2273358702659607,"orthographic":false}