{"cameraMode":{"drawMode":0,"name":"Shaded","section":"Shading Mode"},"sceneLighting":false,"audioPlay":false,"sceneViewState":{"m_AlwaysRefresh":false,"showFog":true,"showSkybox":false,"showFlares":true,"showImageEffects":true,"showParticleSystems":true,"showVisualEffectGraphs":true,"m_FxEnabled":true},"in2DMode":false,"pivot":{"x":-2.0672380924224855,"y":0.7745362520217896,"z":-3.0542383193969728},"rotation":{"x":-0.2053433209657669,"y":-0.1339961439371109,"z":0.028394702821969987,"w":-0.9690655469894409},"size":1.1716550588607789,"orthographic":false}